Timestamp,Q1,Q2,Q3,Q4,X,Y,Z,Pitch,Tau1,Tau2,Tau3,Tau4,TotalPower,PlcStatus,LatencyMs
2026-08-24 14:22:53.904,0.00,60.52,49.66,0.00,-5.02,0.00,605.70,110.17,0.00,1.85,-0.85,-0.12,0.00,NORMAL,0.0
2026-08-24 14:22:53.403,0.00,60.52,49.66,0.00,-5.02,0.00,605.70,110.17,0.00,1.85,-0.85,-0.12,0.00,NORMAL,0.0
2026-08-24 14:22:52.901,0.00,60.52,49.66,0.00,-5.02,0.00,605.70,110.17,0.00,1.85,-0.85,-0.12,0.00,NORMAL,0.0
2026-08-24 14:22:52.400,0.00,60.52,49.66,0.00,-5.02,0.00,605.70,110.17,0.00,1.85,-0.85,-0.12,0.00,NORMAL,0.0
2026-08-24 14:22:51.890,0.00,60.52,49.66,0.00,-5.02,0.00,605.70,110.17,0.00,1.85,-0.85,-0.12,0.00,NORMAL,0.0
2026-08-24 14:22:51.380,0.00,60.52,49.66,0.00,-5.02,0.00,605.70,110.17,0.00,1.85,-0.85,-0.12,0.00,NORMAL,0.0
2026-08-24 14:22:50.864,0.00,60.52,49.66,0.00,-5.02,0.00,605.70,110.17,0.00,1.85,-0.85,-0.12,0.00,NORMAL,0.0
2026-08-24 14:22:50.353,0.00,60.52,49.66,0.00,-5.02,0.00,605.70,110.17,0.00,1.85,-0.85,-0.12,0.00,NORMAL,0.0
2026-08-24 14:22:49.842,0.00,60.52,49.66,0.00,-5.02,0.00,605.70,110.17,0.00,1.85,-0.85,-0.12,0.00,NORMAL,0.0
2026-08-24 14:22:49.332,0.00,60.52,49.66,0.00,-5.02,0.00,605.70,110.17,0.00,1.85,-0.85,-0.12,0.00,NORMAL,0.0
2026-08-24 14:22:48.822,0.00,60.52,49.66,0.00,-5.02,0.00,605.70,110.17,0.00,1.85,-0.85,-0.12,0.00,NORMAL,0.0
2026-08-24 14:22:48.311,0.00,60.52,49.66,0.00,-5.02,0.00,605.70,110.17,0.00,1.85,-0.85,-0.12,0.00,NORMAL,0.0
2026-08-24 14:22:47.810,0.00,60.52,49.66,0.00,-5.02,0.00,605.70,110.17,0.00,1.85,-0.85,-0.12,0.00,NORMAL,0.0
2026-08-24 14:22:47.309,0.00,60.52,49.66,0.00,-5.02,0.00,605.70,110.17,0.00,1.85,-0.85,-0.12,0.00,NORMAL,0.0
2026-08-24 14:22:46.799,0.00,60.52,49.66,0.00,-5.02,0.00,605.70,110.17,0.00,1.85,-0.85,-0.12,0.00,NORMAL,0.0
2026-08-24 14:22:46.298,0.00,60.52,49.66,0.00,-5.02,0.00,605.70,110.17,0.00,1.85,-0.85,-0.12,0.00,NORMAL,0.0
2026-08-24 14:22:45.788,0.00,60.52,49.66,0.00,-5.02,0.00,605.70,110.17,0.00,1.85,-0.85,-0.12,0.00,NORMAL,0.0
2026-08-24 14:22:45.277,0.00,60.52,49.66,0.00,-5.02,0.00,605.70,110.17,0.00,1.85,-0.85,-0.12,0.00,NORMAL,0.0
2026-08-24 14:22:44.767,0.00,60.52,49.66,0.00,-5.02,0.00,605.70,110.17,0.00,1.85,-0.85,-0.12,0.00,NORMAL,0.0
2026-08-24 14:22:44.257,0.00,60.52,49.66,0.00,-5.02,0.00,605.70,110.17,0.00,1.85,-0.85,-0.12,0.00,NORMAL,0.0
2026-08-24 14:22:43.747,0.00,60.52,49.66,0.00,-5.02,0.00,605.70,110.17,0.00,1.85,-0.85,-0.12,0.00,NORMAL,0.0
2026-08-24 14:22:43.236,0.00,60.52,49.66,0.00,-5.02,0.00,605.70,110.17,0.00,1.85,-0.85,-0.12,0.00,NORMAL,0.0
2026-08-24 14:22:42.735,0.00,60.52,49.66,0.00,-5.02,0.00,605.70,110.17,0.00,1.85,-0.85,-0.12,0.00,NORMAL,0.0
2026-08-24 14:22:42.225,0.00,60.52,49.66,0.00,-5.02,0.00,605.70,110.17,0.00,1.85,-0.85,-0.12,0.00,NORMAL,0.0
2026-08-24 14:22:41.724,0.00,60.52,49.66,0.00,-5.02,0.00,605.70,110.17,0.00,1.85,-0.85,-0.12,0.00,NORMAL,0.0
2026-08-24 14:22:41.213,0.00,60.52,49.66,0.00,-5.02,0.00,605.70,110.17,0.00,1.85,-0.85,-0.12,0.00,NORMAL,0.0
2026-08-24 14:22:40.701,0.00,60.52,49.66,0.00,-5.02,0.00,605.70,110.17,0.00,1.85,-0.85,-0.12,0.00,NORMAL,0.0
2026-08-24 14:22:40.190,0.00,60.52,49.66,0.00,-5.02,0.00,605.70,110.17,0.00,1.85,-0.85,-0.12,0.00,NORMAL,0.0
2026-08-24 14:22:39.679,0.00,60.52,49.66,0.00,-5.02,0.00,605.70,110.17,0.00,1.85,-0.85,-0.12,0.00,NORMAL,0.0
2026-08-24 14:22:39.169,0.00,60.52,49.66,0.00,-5.02,0.00,605.70,110.17,0.00,1.85,-0.85,-0.12,0.00,NORMAL,0.0
2026-08-24 14:22:38.658,0.00,60.52,49.66,0.00,-5.02,0.00,605.70,110.17,0.00,1.85,-0.85,-0.12,0.00,NORMAL,0.0
2026-08-24 14:22:38.148,0.00,60.52,49.66,0.00,-5.02,0.00,605.70,110.17,0.00,1.85,-0.85,-0.12,0.00,NORMAL,0.0
2026-08-24 14:22:37.637,0.00,60.52,49.66,0.00,-5.02,0.00,605.70,110.17,0.00,1.85,-0.85,-0.12,0.00,NORMAL,0.0
2026-08-24 14:22:37.126,0.00,60.52,49.66,0.00,-5.02,0.00,605.70,110.17,0.00,1.85,-0.85,-0.12,0.00,NORMAL,0.0
2026-08-24 14:22:36.616,0.00,60.52,49.66,0.00,-5.02,0.00,605.70,110.17,0.00,1.85,-0.85,-0.12,0.00,NORMAL,0.0
2026-08-24 14:22:36.105,0.00,60.52,49.66,0.00,-5.02,0.00,605.70,110.17,0.00,1.85,-0.85,-0.12,0.00,NORMAL,0.0
2026-08-24 14:22:35.595,0.00,60.52,49.66,0.00,-5.02,0.00,605.70,110.17,0.00,1.85,-0.85,-0.12,0.00,NORMAL,0.0
2026-08-24 14:22:35.085,0.00,60.52,49.66,0.00,441.42,0.00,291.42,0.00,0.00,6.35,2.47,0.35,0.00,NORMAL,0.0
2026-08-24 14:22:34.575,0.00,60.52,49.66,0.00,441.42,0.00,291.42,0.00,0.00,6.35,2.47,0.35,0.00,NORMAL,0.0
2026-08-24 14:22:34.065,0.00,60.52,49.66,0.00,441.42,0.00,291.42,0.00,0.00,6.35,2.47,0.35,0.00,NORMAL,0.0
2026-08-24 14:22:33.555,0.00,60.52,-45.00,0.00,441.42,0.00,291.42,0.00,0.00,6.35,2.47,0.35,0.00,NORMAL,0.0
2026-08-24 14:22:33.045,0.00,60.52,-45.00,0.00,441.42,0.00,291.42,0.00,0.00,6.35,2.47,0.35,0.00,NORMAL,0.0
2026-08-24 14:22:32.535,0.00,60.52,-45.00,0.00,441.42,0.00,291.42,0.00,0.00,6.35,2.47,0.35,0.00,NORMAL,0.0
2026-08-24 14:22:32.024,0.00,58.97,-45.00,0.00,441.42,0.00,291.42,0.00,0.00,6.35,2.47,0.35,0.00,NORMAL,0.0
2026-08-24 14:22:31.513,0.00,6.98,-45.00,0.00,441.42,0.00,291.42,0.00,0.00,6.35,2.47,0.35,0.00,NORMAL,0.0
2026-08-24 14:22:31.002,0.00,82.24,-45.00,0.00,441.42,0.00,291.42,0.00,0.00,6.35,2.47,0.35,0.00,NORMAL,0.0
2026-08-24 14:22:30.491,0.00,82.24,-45.00,0.00,441.42,0.00,291.42,0.00,0.00,6.35,2.47,0.35,0.00,NORMAL,0.0
2026-08-24 14:22:29.981,0.00,93.10,-45.00,0.00,441.42,0.00,291.42,0.00,0.00,6.35,2.47,0.35,0.00,NORMAL,0.0
2026-08-24 14:22:29.469,0.00,86.12,-45.00,0.00,441.42,0.00,291.42,0.00,0.00,6.35,2.47,0.35,0.00,NORMAL,0.0
2026-08-24 14:22:28.959,0.00,96.21,-45.00,0.00,441.42,0.00,291.42,0.00,0.00,6.35,2.47,0.35,0.00,NORMAL,0.0
2026-08-24 14:22:28.448,0.00,45.00,-45.00,0.00,441.42,0.00,291.42,0.00,0.00,6.35,2.47,0.35,0.00,NORMAL,0.0
2026-08-24 14:22:27.937,0.00,45.00,-45.00,0.00,441.42,0.00,291.42,0.00,0.00,6.35,2.47,0.35,0.00,NORMAL,0.0
2026-08-24 14:22:27.427,0.00,45.00,-45.00,0.00,441.42,0.00,291.42,0.00,0.00,6.35,2.47,0.35,0.00,NORMAL,0.0
2026-08-24 14:22:26.916,0.00,45.00,-45.00,0.00,441.42,0.00,291.42,0.00,0.00,6.35,2.47,0.35,0.00,NORMAL,0.0
2026-08-24 14:22:26.406,0.00,45.00,-45.00,0.00,441.42,0.00,291.42,0.00,0.00,6.35,2.47,0.35,0.00,NORMAL,0.0
2026-08-24 14:22:25.895,0.00,45.00,-45.00,0.00,441.42,0.00,291.42,0.00,0.00,6.35,2.47,0.35,0.00,NORMAL,0.0
2026-08-24 14:22:25.385,0.00,45.00,-45.00,0.00,441.42,0.00,291.42,0.00,0.00,6.35,2.47,0.35,0.00,NORMAL,0.0
2026-08-24 14:22:24.875,0.00,45.00,-45.00,0.00,441.42,0.00,291.42,0.00,0.00,6.35,2.47,0.35,0.00,NORMAL,0.0
2026-08-24 14:22:24.365,0.00,45.00,-45.00,0.00,441.42,0.00,291.42,0.00,0.00,6.35,2.47,0.35,0.00,NORMAL,0.0
2026-08-24 14:22:23.854,0.00,45.00,-45.00,0.00,441.42,0.00,291.42,0.00,0.00,6.35,2.47,0.35,0.00,NORMAL,0.0
2026-08-24 14:22:23.344,0.00,45.00,-45.00,0.00,441.42,0.00,291.42,0.00,0.00,6.35,2.47,0.35,0.00,NORMAL,0.0
2026-08-24 14:22:22.833,0.00,45.00,-45.00,0.00,441.42,0.00,291.42,0.00,0.00,6.35,2.47,0.35,0.00,NORMAL,0.0
2026-08-24 14:22:22.332,0.00,45.00,-45.00,0.00,441.42,0.00,291.42,0.00,0.00,6.35,2.47,0.35,0.00,NORMAL,0.0
2026-08-24 14:22:21.822,0.00,45.00,-45.00,0.00,441.42,0.00,291.42,0.00,0.00,6.35,2.47,0.35,0.00,NORMAL,0.0
2026-08-24 14:22:21.321,0.00,45.00,-45.00,0.00,441.42,0.00,291.42,0.00,0.00,6.35,2.47,0.35,0.00,NORMAL,0.0
2026-08-24 14:22:20.810,0.00,45.00,-45.00,0.00,441.42,0.00,291.42,0.00,0.00,6.35,2.47,0.35,0.00,NORMAL,0.0
2026-08-24 14:22:20.299,0.00,45.00,-45.00,0.00,441.42,0.00,291.42,0.00,0.00,6.35,2.47,0.35,0.00,NORMAL,0.0
2026-08-24 14:22:19.788,0.00,45.00,-45.00,0.00,441.42,0.00,291.42,0.00,0.00,6.35,2.47,0.35,0.00,NORMAL,0.0
2026-08-24 14:22:19.287,0.00,45.00,-45.00,0.00,441.42,0.00,291.42,0.00,0.00,6.35,2.47,0.35,0.00,NORMAL,0.0
2026-08-24 14:22:18.786,0.00,45.00,-45.00,0.00,441.42,0.00,291.42,0.00,0.00,6.35,2.47,0.35,0.00,NORMAL,0.0
2026-08-24 14:22:18.285,0.00,45.00,-45.00,0.00,441.42,0.00,291.42,0.00,0.00,6.35,2.47,0.35,0.00,NORMAL,0.0
2026-08-24 14:22:17.775,0.00,45.00,-45.00,0.00,441.42,0.00,291.42,0.00,0.00,6.35,2.47,0.35,0.00,NORMAL,0.0
2026-08-24 14:22:17.265,0.00,45.00,-45.00,0.00,441.42,0.00,291.42,0.00,0.00,6.35,2.47,0.35,0.00,NORMAL,0.0
2026-08-24 14:22:16.755,0.00,45.00,-45.00,0.00,441.42,0.00,291.42,0.00,0.00,6.35,2.47,0.35,0.00,NORMAL,0.0
2026-08-24 14:22:16.250,0.00,45.00,-45.00,0.00,441.42,0.00,291.42,0.00,0.00,6.35,2.47,0.35,0.00,NORMAL,0.0
2026-08-24 14:22:15.740,0.00,45.00,-45.00,0.00,441.42,0.00,291.42,0.00,0.00,6.35,2.47,0.35,0.00,NORMAL,0.0
2026-08-24 14:22:15.230,0.00,45.00,-45.00,0.00,441.42,0.00,291.42,0.00,0.00,6.35,2.47,0.35,0.00,NORMAL,0.0
2026-08-24 14:22:14.719,0.00,45.00,-45.00,0.00,441.42,0.00,291.42,0.00,0.00,6.35,2.47,0.35,0.00,NORMAL,0.0
2026-08-24 14:22:14.208,0.00,45.00,-45.00,0.00,441.42,0.00,291.42,0.00,0.00,6.35,2.47,0.35,0.00,NORMAL,0.0
2026-08-24 14:22:13.696,0.00,45.00,-45.00,0.00,441.42,0.00,291.42,0.00,0.00,6.35,2.47,0.35,0.00,NORMAL,0.0
2026-08-24 14:22:13.186,0.00,45.00,-45.00,0.00,441.42,0.00,291.42,0.00,0.00,6.35,2.47,0.35,0.00,NORMAL,0.0
2026-08-24 14:22:12.676,0.00,45.00,-45.00,0.00,441.42,0.00,291.42,0.00,0.00,6.35,2.47,0.35,0.00,NORMAL,0.0
2026-08-24 14:22:12.166,0.00,45.00,-45.00,0.00,441.42,0.00,291.42,0.00,0.00,6.35,2.47,0.35,0.00,NORMAL,0.0
2026-08-24 14:22:11.656,0.00,45.00,-45.00,0.00,441.42,0.00,291.42,0.00,0.00,6.35,2.47,0.35,0.00,NORMAL,0.0
2026-08-24 14:22:11.146,0.00,45.00,-45.00,0.00,441.42,0.00,291.42,0.00,0.00,6.35,2.47,0.35,0.00,NORMAL,0.0
2026-08-24 14:22:10.631,0.00,45.00,-45.00,0.00,441.42,0.00,291.42,0.00,0.00,6.35,2.47,0.35,0.00,NORMAL,0.0
2026-08-24 14:22:10.121,0.00,45.00,-45.00,0.00,441.42,0.00,291.42,0.00,0.00,6.35,2.47,0.35,0.00,NORMAL,0.0
2026-08-24 14:22:09.611,0.00,45.00,-45.00,0.00,441.42,0.00,291.42,0.00,0.00,6.35,2.47,0.35,0.00,NORMAL,0.0
2026-08-24 14:22:09.101,0.00,45.00,-45.00,0.00,441.42,0.00,291.42,0.00,0.00,6.35,2.47,0.35,0.00,NORMAL,0.0
2026-08-24 14:22:08.591,0.00,45.00,-45.00,0.00,441.42,0.00,291.42,0.00,0.00,6.35,2.47,0.35,0.00,NORMAL,0.0
2026-08-24 14:22:08.081,0.00,45.00,-45.00,0.00,441.42,0.00,291.42,0.00,0.00,6.35,2.47,0.35,0.00,NORMAL,0.0
2026-08-24 14:22:07.571,0.00,45.00,-45.00,0.00,441.42,0.00,291.42,0.00,0.00,6.35,2.47,0.35,0.00,NORMAL,0.0
2026-08-24 14:22:07.061,0.00,45.00,-45.00,0.00,441.42,0.00,291.42,0.00,0.00,6.35,2.47,0.35,0.00,NORMAL,0.0
2026-08-24 14:22:06.551,0.00,45.00,-45.00,0.00,441.42,0.00,291.42,0.00,0.00,6.35,2.47,0.35,0.00,NORMAL,0.0
2026-08-24 14:22:06.050,0.00,45.00,-45.00,0.00,441.42,0.00,291.42,0.00,0.00,6.35,2.47,0.35,0.00,NORMAL,0.0
2026-08-24 14:22:05.540,0.00,45.00,-45.00,0.00,441.42,0.00,291.42,0.00,0.00,6.35,2.47,0.35,0.00,NORMAL,0.0
2026-08-24 14:22:05.030,0.00,45.00,-45.00,0.00,441.42,0.00,291.42,0.00,0.00,6.35,2.47,0.35,0.00,NORMAL,0.0
2026-08-24 14:22:04.520,0.00,45.00,-45.00,0.00,441.42,0.00,291.42,0.00,0.00,6.35,2.47,0.35,0.00,NORMAL,0.0
2026-08-24 14:22:04.009,0.00,45.00,-45.00,0.00,441.42,0.00,291.42,0.00,0.00,6.35,2.47,0.35,0.00,NORMAL,0.0
2026-08-24 14:22:03.498,0.00,45.00,-45.00,0.00,441.42,0.00,291.42,0.00,0.00,6.35,2.47,0.35,0.00,NORMAL,0.0
2026-08-24 14:22:02.987,0.00,45.00,-45.00,0.00,441.42,0.00,291.42,0.00,0.00,6.35,2.47,0.35,0.00,NORMAL,0.0
2026-08-24 14:22:02.477,0.00,45.00,-45.00,0.00,441.42,0.00,291.42,0.00,0.00,6.35,2.47,0.35,0.00,NORMAL,0.0
2026-08-24 14:22:01.967,0.00,45.00,-45.00,0.00,441.42,0.00,291.42,0.00,0.00,6.35,2.47,0.35,0.00,NORMAL,0.0
2026-08-24 14:22:01.457,0.00,45.00,-45.00,0.00,441.42,0.00,291.42,0.00,0.00,6.35,2.47,0.35,0.00,NORMAL,0.0
2026-08-24 14:22:00.947,0.00,45.00,-45.00,0.00,441.42,0.00,291.42,0.00,0.00,6.35,2.47,0.35,0.00,NORMAL,0.0
2026-08-24 14:22:00.437,0.00,45.00,-45.00,0.00,441.42,0.00,291.42,0.00,0.00,6.35,2.47,0.35,0.00,NORMAL,0.0
2026-08-24 14:21:59.935,0.00,45.00,-45.00,0.00,441.42,0.00,291.42,0.00,0.00,6.35,2.47,0.35,0.00,NORMAL,0.0
2026-08-24 14:21:59.425,0.00,45.00,-45.00,0.00,441.42,0.00,291.42,0.00,0.00,6.35,2.47,0.35,0.00,NORMAL,0.0
2026-08-24 14:21:58.915,0.00,45.00,-45.00,0.00,441.42,0.00,291.42,0.00,0.00,6.35,2.47,0.35,0.00,NORMAL,0.0
2026-08-24 14:21:58.402,0.00,45.00,-45.00,0.00,441.42,0.00,291.42,0.00,0.00,6.35,2.47,0.35,0.00,NORMAL,0.0
2026-08-24 14:21:57.891,0.00,45.00,-45.00,0.00,441.42,0.00,291.42,0.00,0.00,6.35,2.47,0.35,0.00,NORMAL,0.0
2026-08-24 14:21:57.381,0.00,45.00,-45.00,0.00,441.42,0.00,291.42,0.00,0.00,6.35,2.47,0.35,0.00,NORMAL,0.0
2026-08-24 14:21:56.871,0.00,45.00,-45.00,0.00,441.42,0.00,291.42,0.00,0.00,6.35,2.47,0.35,0.00,NORMAL,0.0
2026-08-24 14:21:56.361,0.00,45.00,-45.00,0.00,441.42,0.00,291.42,0.00,0.00,6.35,2.47,0.35,0.00,NORMAL,0.0
2026-08-24 14:21:55.850,0.00,45.00,-45.00,0.00,441.42,0.00,291.42,0.00,0.00,6.35,2.47,0.35,0.00,NORMAL,0.0
2026-08-24 14:21:55.338,0.00,45.00,-45.00,0.00,441.42,0.00,291.42,0.00,0.00,6.35,2.47,0.35,0.00,NORMAL,0.0
2026-08-24 14:21:54.837,0.00,45.00,-45.00,0.00,441.42,0.00,291.42,0.00,0.00,6.35,2.47,0.35,0.00,NORMAL,0.0
2026-08-24 14:21:54.327,0.00,45.00,-45.00,0.00,441.42,0.00,291.42,0.00,0.00,6.35,2.47,0.35,0.00,NORMAL,0.0
2026-08-24 14:21:53.817,0.00,45.00,-45.00,0.00,441.42,0.00,291.42,0.00,0.00,6.35,2.47,0.35,0.00,NORMAL,0.0
2026-08-24 14:21:53.307,0.00,45.00,-45.00,0.00,441.42,0.00,291.42,0.00,0.00,6.35,2.47,0.35,0.00,NORMAL,0.0
2026-08-24 14:21:52.797,0.00,45.00,-45.00,0.00,441.42,0.00,291.42,0.00,0.00,6.35,2.47,0.35,0.00,NORMAL,0.0
2026-08-24 14:21:52.287,0.00,45.00,-45.00,0.00,441.42,0.00,291.42,0.00,0.00,6.35,2.47,0.35,0.00,NORMAL,0.0
2026-08-24 14:21:51.777,0.00,45.00,-45.00,0.00,441.42,0.00,291.42,0.00,0.00,6.35,2.47,0.35,0.00,NORMAL,0.0
2026-08-24 14:21:51.266,0.00,45.00,-45.00,0.00,441.42,0.00,291.42,0.00,0.00,6.35,2.47,0.35,0.00,NORMAL,0.0
2026-08-24 14:21:50.756,0.00,45.00,-45.00,0.00,441.42,0.00,291.42,0.00,0.00,6.35,2.47,0.35,0.00,NORMAL,0.0
2026-08-24 14:21:50.170,0.00,45.00,-45.00,0.00,441.42,0.00,291.42,0.00,0.00,6.35,2.47,0.35,0.00,NORMAL,0.0
2026-08-24 14:21:49.660,0.00,45.00,-45.00,0.00,441.42,0.00,291.42,0.00,0.00,6.35,2.47,0.35,0.00,NORMAL,0.0
2026-08-24 14:21:49.149,0.00,45.00,-45.00,0.00,441.42,0.00,291.42,0.00,0.00,6.35,2.47,0.35,0.00,NORMAL,0.0
2026-08-24 14:21:48.639,0.00,45.00,-45.00,0.00,441.42,0.00,291.42,0.00,0.00,6.35,2.47,0.35,0.00,NORMAL,0.0
2026-08-24 14:21:48.128,0.00,45.00,-45.00,0.00,441.42,0.00,291.42,0.00,0.00,6.35,2.47,0.35,0.00,NORMAL,0.0
2026-08-24 14:21:47.617,0.00,45.00,-45.00,0.00,441.42,0.00,291.42,0.00,0.00,6.35,2.47,0.35,0.00,NORMAL,0.0
2026-08-24 14:21:47.079,0.00,45.00,-45.00,0.00,441.42,0.00,291.42,0.00,0.00,6.35,2.47,0.35,0.00,NORMAL,0.0
2026-08-24 14:21:46.568,0.00,45.00,-45.00,0.00,441.42,0.00,291.42,0.00,0.00,6.35,2.47,0.35,0.00,NORMAL,0.0
2026-08-24 14:21:46.067,0.00,45.00,-45.00,0.00,441.42,0.00,291.42,0.00,0.00,6.35,2.47,0.35,0.00,NORMAL,0.0
2026-08-24 14:21:45.557,0.00,45.00,-45.00,0.00,441.42,0.00,291.42,0.00,0.00,6.35,2.47,0.35,0.00,NORMAL,0.0
2026-08-24 14:21:45.046,0.00,45.00,-45.00,0.00,441.42,0.00,291.42,0.00,0.00,6.35,2.47,0.35,0.00,NORMAL,0.0
2026-08-24 14:21:44.535,0.00,45.00,-45.00,0.00,441.42,0.00,291.42,0.00,0.00,6.35,2.47,0.35,0.00,NORMAL,0.0
2026-08-24 14:21:44.025,0.00,45.00,-45.00,0.00,441.42,0.00,291.42,0.00,0.00,6.35,2.47,0.35,0.00,NORMAL,0.0
2026-08-24 14:21:43.515,0.00,45.00,-45.00,0.00,441.42,0.00,291.42,0.00,0.00,6.35,2.47,0.35,0.00,NORMAL,0.0
2026-08-24 14:21:43.014,0.00,45.00,-45.00,0.00,441.42,0.00,291.42,0.00,0.00,6.35,2.47,0.35,0.00,NORMAL,0.0
2026-08-24 14:21:42.504,0.00,45.00,-45.00,0.00,441.42,0.00,291.42,0.00,0.00,6.35,2.47,0.35,0.00,NORMAL,0.0
2026-08-24 14:21:41.993,0.00,45.00,-45.00,0.00,441.42,0.00,291.42,0.00,0.00,6.35,2.47,0.35,0.00,NORMAL,0.0
2026-08-24 14:21:41.482,0.00,45.00,-45.00,0.00,441.42,0.00,291.42,0.00,0.00,6.35,2.47,0.35,0.00,NORMAL,0.0
2026-08-24 14:21:40.972,0.00,45.00,-45.00,0.00,441.42,0.00,291.42,0.00,0.00,6.35,2.47,0.35,0.00,NORMAL,0.0
2026-08-24 14:21:40.462,0.00,45.00,-45.00,0.00,441.42,0.00,291.42,0.00,0.00,6.35,2.47,0.35,0.00,NORMAL,0.0
2026-08-24 14:21:39.951,0.00,45.00,-45.00,0.00,441.42,0.00,291.42,0.00,0.00,6.35,2.47,0.35,0.00,NORMAL,0.0
2026-08-24 14:21:39.441,0.00,45.00,-45.00,0.00,441.42,0.00,291.42,0.00,0.00,6.35,2.47,0.35,0.00,NORMAL,0.0
2026-08-24 14:21:38.930,0.00,45.00,-45.00,0.00,441.42,0.00,291.42,0.00,0.00,6.35,2.47,0.35,0.00,NORMAL,0.0
2026-08-24 14:21:38.419,0.00,45.00,-45.00,0.00,441.42,0.00,291.42,0.00,0.00,6.35,2.47,0.35,0.00,NORMAL,0.0
2026-08-24 14:21:37.918,0.00,45.00,-45.00,0.00,441.42,0.00,291.42,0.00,0.00,6.35,2.47,0.35,0.00,NORMAL,0.0
2026-08-24 14:21:37.407,0.00,45.00,-45.00,0.00,441.42,0.00,291.42,0.00,0.00,6.35,2.47,0.35,0.00,NORMAL,0.0
2026-08-24 14:21:36.888,0.00,45.00,-45.00,0.00,441.42,0.00,291.42,0.00,0.00,6.35,2.47,0.35,0.00,NORMAL,0.0
2026-08-24 14:21:36.378,0.00,45.00,-45.00,0.00,441.42,0.00,291.42,0.00,0.00,6.35,2.47,0.35,0.00,NORMAL,0.0
2026-08-24 14:21:35.868,0.00,45.00,-45.00,0.00,441.42,0.00,291.42,0.00,0.00,6.35,2.47,0.35,0.00,NORMAL,0.0
2026-08-24 14:21:35.358,0.00,45.00,-45.00,0.00,441.42,0.00,291.42,0.00,0.00,6.35,2.47,0.35,0.00,NORMAL,0.0
2026-08-24 14:21:34.848,0.00,45.00,-45.00,0.00,441.42,0.00,291.42,0.00,0.00,6.35,2.47,0.35,0.00,NORMAL,0.0
2026-08-24 14:21:34.347,0.00,45.00,-45.00,0.00,441.42,0.00,291.42,0.00,0.00,6.35,2.47,0.35,0.00,NORMAL,0.0
2026-08-24 14:21:33.837,0.00,45.00,-45.00,0.00,441.42,0.00,291.42,0.00,0.00,6.35,2.47,0.35,0.00,NORMAL,0.0
2026-08-24 14:21:33.336,0.00,45.00,-45.00,0.00,441.42,0.00,291.42,0.00,0.00,6.35,2.47,0.35,0.00,NORMAL,0.0
2026-08-24 14:21:32.831,0.00,45.00,-45.00,0.00,441.42,0.00,291.42,0.00,0.00,6.35,2.47,0.35,0.00,NORMAL,0.0
